gen,best,avg,stable
1,377169.353422,387133.293107,0
2,377169.353422,2950411.615107,0
3,377169.353422,3951889.426142,1
4,377169.353422,4511921.575914,2
5,377169.353422,4615146.468048,3
6,377169.353422,4599198.402310,4
7,377169.353422,4592549.344344,5
8,377169.353422,4418171.782556,6
9,377169.353422,4456135.425606,7
10,377169.353422,4417364.503612,8
11,377169.353422,4510663.405435,9
12,377169.353422,4522406.528124,10
13,377169.353422,4452245.166589,11
14,377169.353422,4384775.980856,12
15,377169.353422,4423484.370563,13
16,377169.353422,4334873.880300,14
17,377169.353422,4321187.209743,15
18,377169.353422,4051192.762555,16
19,377169.353422,4088973.189419,17
20,377169.353422,4100897.253511,18
21,377169.353422,4066895.964727,19
22,377169.353422,4151662.808448,20
23,377169.353422,4290268.088984,21
24,377169.353422,4369660.042681,22
25,377169.353422,4218579.699288,23
26,377169.353422,4129659.616816,24
27,377169.353422,4210442.623290,25
28,377169.353422,4157301.965556,26
29,377169.353422,4037612.762327,27
30,377169.353422,4055104.592613,28
31,377169.353422,4142838.803180,29
32,377169.353422,3969154.641145,30
33,377169.353422,3831485.030991,31
34,377169.353422,3796967.458354,32
35,377169.353422,3666206.725518,33
36,377169.353422,3527440.599987,34
37,377169.353422,3407509.448336,35
38,377169.353422,3287969.791622,36
39,377169.353422,3272889.950352,37
40,377169.353422,3206904.102870,38
41,377169.353422,3153035.867097,39
42,377169.353422,3113796.916613,40
43,377169.353422,2995340.998536,41
44,377169.353422,2909422.258445,42
45,377169.353422,2840240.686809,43
46,377169.353422,2829637.285168,44
47,377169.353422,2777228.287806,45
48,377169.353422,2742676.773343,46
49,377169.353422,2609866.494620,47
50,377169.353422,2654958.821710,48
51,377169.353422,2577668.291243,49
52,377169.353422,2608111.833762,50
53,377169.353422,2565212.488842,51
54,377169.353422,2583574.794461,52
55,377169.353422,2605524.982219,53
56,377169.353422,2727171.917904,54
57,377169.353422,2767713.463893,55
58,377169.353422,2683819.165020,56
59,377169.353422,2701623.981326,57
60,377169.353422,2763652.792245,58
61,377169.353422,2745009.902600,59
62,377169.353422,2945919.700860,60
63,377169.353422,2975394.499063,61
64,377169.353422,2998004.544990,62
65,377169.353422,2885982.942243,63
66,377169.353422,2849433.778566,64
67,377169.353422,2747822.833637,65
68,377169.353422,2698548.410602,66
69,377169.353422,2813961.707780,67
70,377169.353422,2743862.276235,68
71,377169.353422,2815834.327866,69
72,377169.353422,2793689.339471,70
73,377169.353422,2803324.847195,71
74,377169.353422,2998132.596614,72
75,377169.353422,3035320.666467,73
76,377169.353422,2887533.077185,74
77,377169.353422,2839667.182522,75
78,377169.353422,2912970.417698,76
79,377169.353422,2943023.455625,77
80,377169.353422,3057802.189005,78
81,377169.353422,3049775.615868,79
82,377169.353422,2899444.321544,80
83,377169.353422,2920415.813401,81
84,377169.353422,2983453.438477,82
85,377169.353422,3148167.531929,83
86,377169.353422,3283491.868748,84
87,377169.353422,3217833.787947,85
88,377169.353422,3221810.238435,86
89,377169.353422,3142323.931768,87
90,377169.353422,3187332.248707,88
91,377169.353422,3061675.945106,89
92,377169.353422,3197569.501551,90
93,377169.353422,3232416.024103,91
94,377169.353422,3298785.099281,92
95,377169.353422,3432509.545052,93
96,377169.353422,3274857.770915,94
97,377169.353422,3431119.294157,95
98,377169.353422,3580085.551872,96
99,377169.353422,3715276.363327,97
100,377169.353422,3725173.854870,98
101,377169.353422,3597113.087481,99
102,377169.353422,3386121.303023,100
103,377169.353422,3116726.402252,101
104,377169.353422,2830567.516622,102
105,377169.353422,2549321.986483,103
106,377169.353422,2301363.095536,104
107,377169.353422,2081041.651075,105
108,377169.353422,1913186.942189,106
109,377169.353422,1628728.396441,107
110,377169.353422,1322821.286364,108
111,377169.353422,1152486.648018,109
112,377169.353422,1021546.913893,110
113,377169.353422,927872.013442,111
114,377169.353422,884154.034161,112
115,377169.353422,833469.717263,113
116,377169.353422,801747.375597,114
117,377169.353422,757166.664482,115
118,377169.353422,688993.192846,116
119,377169.353422,632376.025769,117
120,377169.353422,598813.477672,118
121,377169.353422,577065.381983,119
122,377169.353422,547682.238404,120
123,377169.353422,524382.146273,121
124,377169.353422,500207.524333,122
125,377169.353422,479941.432945,123
126,377169.353422,467118.079206,124
127,377169.353422,457588.763649,125
128,377169.353422,453977.322897,126
129,377169.353422,447603.810278,127
130,377169.353422,434792.620804,128
131,377169.353422,434943.954470,129
132,377169.353422,432460.663053,130
133,377169.353422,436103.484486,131
134,377169.353422,433854.708716,132
135,377169.353422,431804.259354,133
136,377169.353422,426859.391845,134
137,377169.353422,415407.335773,135
138,377169.353422,411124.772214,136
139,377169.353422,413420.688117,137
140,377169.353422,408113.970792,138
141,377169.353422,407369.890100,139
142,377169.353422,407469.700135,140
143,377169.353422,400739.965879,141
144,377169.353422,397505.042328,142
145,377169.353422,394720.306021,143
146,377169.353422,393146.505225,144
147,377169.353422,396898.137550,145
148,377169.353422,397113.943262,146
149,377169.353422,392396.737124,147
150,377169.353422,400930.186036,148
151,377169.353422,400647.513762,149
152,377169.353422,400230.801975,150
153,377169.353422,391184.113965,151
154,377169.353422,393655.151560,152
155,377121.078617,389709.934303,153
156,377121.078617,397761.257465,0
157,377121.078617,393026.677028,1
158,377121.078617,391213.800490,2
159,377103.171547,391847.347454,3
160,377103.171547,390639.387212,0
161,377103.171547,390490.127212,1
162,377103.171547,389714.466568,2
163,377103.171547,386717.863127,3
164,377103.171547,387321.829876,4
165,377103.171547,385578.944119,5
166,377103.171547,384834.815532,6
167,377103.171547,391109.338806,7
168,377082.610383,391962.750955,8
169,377082.610383,391538.496862,0
170,377082.610383,391393.967364,1
171,376968.781471,390972.630027,2
172,376968.781471,387249.410334,0
173,376968.781471,392480.308387,1
174,376968.781471,395479.586739,2
175,376968.781471,391968.622871,3
176,376906.044674,391956.596905,4
177,376906.044674,393068.559470,0
178,376906.044674,390055.166957,1
179,376906.044674,394673.436444,2
180,376906.044674,397182.421409,3
181,376906.044674,393990.090269,4
182,376862.416001,389695.709875,5
183,376862.416001,385726.372352,0
184,376862.416001,384081.892450,1
185,376854.497327,383604.117513,2
186,376773.891616,387303.600450,0
187,376773.891616,393160.354035,0
188,376773.891616,396710.918682,1
189,376773.891616,397315.499170,2
190,376675.947423,395910.992572,3
191,376675.947423,393771.560070,0
192,376628.016591,389485.560770,1
193,376628.016591,393795.815678,0
194,376624.766011,388626.737429,1
195,376624.766011,390104.001524,0
196,376598.131927,396578.085890,1
197,376514.596038,392104.340008,0
198,376514.596038,389146.289750,0
199,376514.596038,387586.516057,1
200,376514.596038,386674.405380,2
201,376508.937908,387813.707597,3
202,376462.330494,382526.969797,0
203,376462.330494,383835.621482,0
204,376377.941426,382762.299316,1
205,376377.941426,382395.834749,0
206,376310.177534,380260.457882,1
207,376310.177534,383251.858821,0
208,376305.016556,386988.847611,1
209,376302.525250,382830.456791,0
210,376239.038907,382092.514937,0
211,376239.038907,382686.175685,0
212,376239.038907,382130.989670,1
213,376217.402123,386452.417283,2
214,376217.402123,388047.422941,0
215,376187.618265,386496.381185,1
216,376187.618265,388989.766251,0
217,376167.244265,393540.380315,1
218,376147.280390,386899.209204,0
219,376147.280390,389154.163559,0
220,376147.280390,391559.546557,1
221,376147.280390,387245.561029,2
222,376147.280390,382853.258339,3
223,376147.280390,386934.042372,4
224,376131.211836,386384.780972,5
225,376131.211836,382303.415678,0
226,376129.785824,380558.725256,1
227,376129.785824,384566.209511,0
228,376129.785824,381405.453833,1
229,376121.243423,378900.025068,2
230,376111.890017,384325.299359,0
231,376111.890017,382133.451720,0
232,376111.890017,381571.195582,1
233,376111.890017,381412.591297,2
234,376111.890017,388543.766039,3
235,376101.070452,386748.705537,4
236,376094.820259,386870.779683,0
237,376094.820259,385518.719058,0
238,376094.820259,386228.979378,1
239,376075.289344,384099.972294,2
240,376075.289344,390299.778771,0
241,376044.773208,386099.326128,1
242,376044.773208,386851.191054,0
243,376042.938843,385577.086652,1
244,375982.425353,385124.156918,0
245,375982.425353,386743.578944,0
246,375982.425353,384782.106053,1
247,375971.605788,391180.962861,2
248,375971.605788,391663.148940,0
249,375971.605788,390402.756148,1
250,375965.055567,390646.882952,2
251,375965.055567,392093.347830,0
252,375965.055567,392364.475054,1
253,375908.635934,392329.538050,2
254,375908.635934,397283.003253,0
255,375908.635934,392207.101013,1
256,375908.635934,391997.002008,2
257,375908.635934,387024.403819,3
258,375900.829437,385132.577625,4
259,375897.816369,382405.613107,0
260,375876.893550,383092.638222,0
261,375858.997742,382245.558621,0
262,375848.130057,383413.860013,0
263,375848.130057,379089.936182,0
264,375847.746367,379890.658593,1
265,375839.144857,378452.095682,0
266,375828.325292,379729.064051,0
267,375828.325292,386468.357707,0
268,375811.193236,385071.561242,1
269,375811.193236,387016.207030,0
270,375811.193236,385836.283777,1
271,375801.417121,389580.626147,2
272,375765.847685,381560.115279,0
273,375765.847685,384291.108417,0
274,375765.847685,383159.172645,1
275,375765.847685,382552.224780,2
276,375765.847685,385502.984399,3
277,375765.847685,381624.738983,4
278,375765.847685,383458.661742,5
279,375765.847685,383992.644923,6
280,375765.847685,382918.282391,7
281,375765.847685,382016.643377,8
282,375765.847685,379811.171522,9
283,375765.847685,384367.325776,10
284,375765.847685,382682.267336,11
285,375736.054026,386875.888410,12
286,375726.101442,387530.560789,0
287,375692.000114,387603.633790,0
288,375692.000114,381478.688328,0
289,375682.047530,380329.991964,1
290,375682.047530,377394.182179,0
291,375682.047530,378260.120412,1
292,375682.047530,378273.381394,2
293,375655.722584,380267.839298,3
294,375654.360877,385470.137374,0
295,375645.770000,382491.299389,0
296,375601.716088,383985.346572,0
297,375601.716088,384330.887916,0
298,375601.716088,387363.883934,1
299,375601.716088,388262.412885,2
300,375601.716088,393476.542385,3
301,375601.716088,390658.905283,4
302,375601.716088,383831.786531,5
303,375601.716088,381556.254652,6
304,375601.716088,379292.879408,7
305,375601.716088,378379.530356,8
306,375601.716088,378192.337555,9
307,375601.716088,378801.491324,10
308,375601.716088,380148.293287,11
309,375601.716088,381939.110457,12
310,375601.716088,384718.756979,13
311,375601.716088,385598.734053,14
312,375601.716088,390358.781739,15
313,375601.716088,389143.501495,16
314,375601.716088,389386.753823,17
315,375601.716088,395972.659221,18
316,375586.996523,393225.710175,19
317,375573.034182,389156.921323,0
318,375570.147160,384674.455179,0
319,375570.147160,387863.251074,0
320,375548.148174,383135.820157,1
321,375534.264092,383546.650899,0
322,375534.264092,382326.780959,0
323,375534.264092,384391.903037,1
324,375519.327564,382273.772198,2
325,375491.663917,380443.179842,0
326,375491.663917,383707.072324,0
327,375491.663917,380025.867573,1
328,375483.872705,381974.168212,2
329,375451.409250,382538.705694,0
330,375451.409250,379657.606862,0
331,375451.409250,378574.175097,1
332,375451.409250,379107.419129,2
333,375451.409250,383812.154052,3
334,375446.436326,389732.303405,4
335,375415.758362,390029.893866,0
336,375345.272916,394144.260102,0
337,375345.272916,384750.751317,0
338,375345.272916,387369.085806,1
339,375327.991969,382590.582631,2
340,375327.991969,382330.576781,0
341,375255.663103,380206.439882,1
342,375255.663103,380965.520362,0
343,375238.382155,380953.392645,1
344,375230.063740,378342.748831,0
345,375230.063740,378538.274352,0
346,375218.316425,380254.495495,1
347,375218.316425,378024.332392,0
348,375218.316425,381153.676994,1
349,375214.091263,384999.279540,2
350,375205.004580,391841.807546,0
351,375201.861723,383128.073172,0
352,375184.580775,382010.744486,0
353,375180.355614,382573.436791,0
354,375180.355614,385031.960547,0
355,375180.355614,386916.094712,1
356,375180.355614,384936.077644,2
357,375180.355614,381999.370575,3
358,375133.543800,381516.641882,4
359,375133.543800,382020.257092,0
360,375081.178676,380486.694139,1
361,375081.178676,382732.907072,0
362,375065.773366,382968.697590,1
363,375048.592309,382088.439978,0
364,374954.458680,381369.934751,0
365,374954.458680,383573.844049,0
366,374954.458680,385674.973138,1
367,374918.974173,378698.020246,2
368,374904.173028,382602.070503,0
369,374899.439043,381325.224236,0
370,374884.637897,386128.254282,0
371,374864.212042,388076.134346,0
372,374864.212042,382328.435050,0
373,374863.880556,380732.014127,1
374,374708.301453,378660.369267,0
375,374708.301453,378516.019300,0
376,374655.968307,379270.680775,1
377,374625.865105,383257.327877,0
378,374577.964837,383325.712338,0
379,374577.964837,389031.787472,0
380,374577.964837,387074.689085,1
381,374542.737837,386382.030086,2
382,374542.737837,387292.820880,0
383,374542.737837,385630.577425,1
384,374542.737837,387798.087796,2
385,374477.922624,380935.108188,3
386,374477.922624,378240.772927,0
387,374477.922624,380005.102922,1
388,374477.922624,379692.277224,2
389,374477.922624,384285.214759,3
390,374469.565043,382551.554778,4
391,374468.356463,381725.375797,0
392,374442.194713,379880.214977,0
393,374440.628059,378907.186175,0
394,374431.060782,380168.075607,0
395,374431.060782,385939.537495,0
396,374401.369770,381819.961496,1
397,374395.993065,383766.757856,0
398,374381.356632,383148.941404,0
399,374381.356632,379997.944855,0
400,374366.327033,378589.821973,1
401,374328.814799,377368.112574,0
402,374328.814799,378642.864235,0
403,374328.814799,378969.331816,1
404,374328.814799,381812.296364,2
405,374328.814799,383939.536271,3
406,374328.456725,386778.040248,4
407,374328.456725,379132.719507,0
408,374243.088666,380590.421143,1
409,374127.978832,381347.751256,0
410,374127.978832,380578.281439,0
411,374127.978832,380692.329935,1
412,374123.867224,382375.850668,2
413,374095.014328,385120.736538,0
414,374090.339579,383843.051533,0
415,374067.398035,381994.199704,0
416,374067.398035,379157.620141,0
417,374065.080333,383585.425817,1
418,374037.872451,386583.229021,0
419,374037.872451,395708.274651,0
420,374034.723652,390153.733598,1
421,374034.723652,389115.949306,0
422,374006.061901,383246.692317,1
423,374006.061901,382131.762803,0
424,374002.913102,382783.676869,1
425,374002.913102,379916.114884,0
426,374002.913102,383565.580052,1
427,374002.913102,383083.135104,2
428,374002.913102,384235.009244,3
429,373916.863656,381470.628180,4
430,373916.863656,381282.033863,0
431,373916.863656,381205.596262,1
432,373834.872204,380224.508372,2
433,373834.872204,380367.752737,0
434,373816.873439,383619.559112,1
435,373791.215729,382500.575672,0
436,373759.662581,381238.218293,0
437,373743.174335,381885.040991,0
438,373694.561467,380994.109579,0
439,373694.203393,384570.184577,0
440,373652.222537,380568.772990,0
441,373652.222537,384368.492830,0
442,373651.864463,380496.362320,1
443,373647.735166,376622.388402,0
444,373647.735166,376729.767596,0
445,373647.377092,376865.425051,1
446,373647.377092,381220.675688,0
447,373647.377092,378109.584041,1
448,373647.377092,381065.625957,2
449,373647.377092,379989.886549,3
450,373644.063013,380788.133566,4
451,373639.575642,384958.873757,0
452,373639.575642,391047.182063,0
453,373639.575642,388431.871592,1
454,373637.228782,380654.397200,2
455,373635.528220,382378.457786,0
456,373635.528220,385015.219041,0
457,373635.528220,384231.774726,1
458,373635.528220,382197.489525,2
459,373635.528220,380840.821589,3
460,373633.181360,381463.842945,4
461,373633.181360,376397.287950,0
462,373633.181360,377076.610087,1
463,373633.181360,378169.170809,2
464,373633.181360,379247.386143,3
465,373633.181360,379570.455582,4
466,373633.181360,382626.856416,5
467,373623.829679,377813.791167,6
468,373623.829679,377217.478866,0
469,373623.829679,379026.397949,1
470,373607.059909,380861.872587,2
471,373607.059909,377616.900598,0
472,373607.059909,379418.169857,1
473,373607.059909,377414.286944,2
474,373607.059909,377293.180012,3
475,373607.059909,378607.992624,4
476,373607.059909,377245.713076,5
477,373607.059909,375556.973176,6
478,373607.059909,375905.801892,7
479,373516.850896,382213.188031,8
480,373490.729445,383460.725399,0
481,373490.729445,382579.073018,0
482,373490.729445,383397.518594,1
483,373490.729445,383394.469193,2
484,373490.729445,391531.722083,3
485,373490.729445,397485.378995,4
486,373490.729445,407478.752640,5
487,373490.729445,399276.742996,6
488,373490.729445,399344.872181,7
489,373490.729445,404570.111648,8
490,373490.729445,405853.376909,9
491,373490.729445,402840.624800,10
492,373490.729445,405998.840959,11
493,373490.729445,406733.253569,12
494,373490.729445,403663.615886,13
495,373490.729445,402595.300286,14
496,373490.729445,398058.911254,15
497,373490.729445,397571.543573,16
498,373490.729445,398213.441944,17
499,373490.729445,406898.649439,18
500,373490.729445,398856.842124,19
501,373490.729445,400585.044058,20
502,373490.729445,394754.849954,21
503,373490.729445,395812.514557,22
504,373490.729445,399147.993598,23
505,373490.729445,399630.257604,24
506,373490.729445,397690.573063,25
507,373490.729445,387622.903892,26
508,373490.729445,384387.906690,27
509,373490.729445,387650.268885,28
510,373490.729445,386967.884736,29
511,373467.592601,388839.890852,30
512,373467.592601,383062.108974,0
513,373467.592601,383144.177416,1
514,373150.052586,381139.207474,2
515,373121.137661,381800.960634,0
516,373121.137661,386100.701475,0
517,373121.137661,387428.766750,1
518,373121.137661,388446.942811,2
519,373043.402306,390637.066391,3
520,373043.402306,387030.492325,0
521,373043.402306,388873.376364,1
522,373043.402306,388848.585938,2
523,373032.613577,381678.342992,3
524,373009.227924,380744.916457,0
525,372987.790913,379027.489697,0
526,372987.790913,378236.133028,0
527,372970.350433,381822.143783,1
528,372970.350433,381187.167502,0
529,372970.350433,382124.073106,1
530,372969.962895,376310.542626,2
531,372969.962895,381080.930365,0
532,372969.962895,380514.742394,1
533,372936.580179,377453.839493,2
534,372935.852587,377942.747151,0
535,372935.852587,378522.049128,0
536,372918.752161,380530.307727,1
537,372903.212408,380212.772750,0
538,372863.646048,381549.601650,0
539,372863.258510,382752.994043,0
540,372857.497679,383946.838991,0
541,372856.599530,385916.428481,0
542,372827.227054,380948.590003,0
543,372291.919475,377957.629749,0
544,372120.305910,378207.876896,0
545,371966.445847,381965.980063,0
546,371922.210721,378737.786936,0
547,371859.839871,375509.139110,0
548,371789.025177,378599.111384,0
549,371750.157182,377591.632197,0
550,371750.157182,378253.772922,0
551,371750.147686,376854.524883,1
552,371722.236885,376048.488226,0
553,371721.839851,383060.687823,0
554,371716.088516,380121.041744,0
555,371693.500192,379468.647491,0
556,371688.136395,377808.787521,0
557,371687.351822,377977.930455,0
558,371681.988026,378535.857681,0
559,371681.600487,375560.422831,0
560,371681.600487,381856.602030,0
561,371677.482877,380728.820210,1
562,371677.482877,380370.275549,0
563,371677.482877,379434.661270,1
564,371677.482877,381358.905869,2
565,371677.482877,388421.066801,3
566,371677.482877,386985.311131,4
567,371677.482877,387786.767442,5
568,371677.482877,385637.034396,6
569,371677.482877,382065.194668,7
570,371677.482877,382720.296256,8
571,371677.482877,383219.274775,9
572,371677.482877,386950.104407,10
573,371608.951247,389793.522737,11
574,371608.951247,396684.973916,0
575,371608.951247,399550.274298,1
576,371608.951247,393666.213540,2
577,371561.769751,386990.064502,3
578,371561.769751,385351.997959,0
579,371561.769751,386885.434172,1
580,371561.769751,384319.999518,2
581,371561.769751,380877.027192,3
582,371544.403724,387733.316223,4
583,371468.235904,379282.193060,0
584,371468.235904,383139.908708,0
585,371468.235904,381743.237142,1
586,371468.235904,379017.217746,2
587,371468.235904,376923.759004,3
588,371457.110622,375877.866040,4
589,371361.411012,382075.798436,0
590,371361.411012,378833.825226,0
591,371361.411012,380954.370889,1
592,371361.411012,379321.950661,2
593,371361.411012,377906.758895,3
594,371331.636410,381928.355077,4
595,371331.636410,381281.483953,0
596,371331.636410,380466.590742,1
597,371331.636410,380623.202932,2
598,371331.636410,382331.681081,3
599,371331.636410,380832.097771,4
600,371331.636410,386637.953694,5
601,371331.636410,381735.779654,6
602,371331.636410,383638.658325,7
603,371331.636410,378657.673840,8
604,371331.636410,376330.974121,9
605,371331.636410,374655.422389,10
606,371331.636410,379376.849263,11
607,371331.636410,374940.898197,12
608,371331.636410,375731.587900,13
609,371331.636410,377492.712038,14
610,371331.636410,374239.831381,15
611,371331.636410,377144.427464,16
612,371331.636410,378089.407414,17
613,371331.636410,377431.904842,18
614,371331.636410,376929.241736,19
615,371331.636410,373378.842474,20
616,371331.636410,374205.907597,21
617,371331.636410,375496.011633,22
618,371331.636410,375810.328118,23
619,371331.636410,375461.914591,24
620,371331.636410,376984.947510,25
621,371331.636410,376235.200583,26
622,371331.636410,374446.495379,27
623,371331.636410,377980.359385,28
624,371331.636410,377659.703668,29
625,371331.636410,378215.669771,30
626,371331.636410,377685.518215,31
627,371331.636410,379554.436861,32
628,371331.636410,380582.587182,33
629,371317.820550,382691.063918,34
630,371276.147355,380039.585654,0
631,371276.147355,381279.626507,0
632,371276.147355,379127.348658,1
633,371276.147355,376513.275632,2
634,371276.147355,376437.886397,3
635,371276.147355,376130.486406,4
636,371276.147355,375141.528349,5
637,371250.696654,376519.871688,6
638,371210.935639,375102.431086,0
639,371210.935639,375562.690873,0
640,371210.935639,374719.634854,1
641,371203.674033,378183.840879,2
642,371203.674033,373456.639138,0
643,371203.674033,375315.844708,1
644,371203.674033,373766.909746,2
645,371203.674033,376018.397838,3
646,371203.674033,378884.900331,4
647,371203.674033,377722.121942,5
648,371203.674033,375173.371055,6
649,371203.674033,375619.495841,7
650,371203.674033,374667.050268,8
651,371203.674033,374579.103946,9
652,371203.674033,375136.173029,10
653,371203.674033,375383.185701,11
654,371203.674033,378056.087113,12
655,371203.674033,374621.278647,13
656,371203.674033,377650.972387,14
657,371203.674033,376863.375062,15
658,371203.674033,375618.876649,16
659,371203.674033,374050.657918,17
660,371203.674033,374559.879060,18
661,371203.674033,375700.711649,19
662,371203.674033,373632.575383,20
663,371203.674033,376081.068683,21
664,371203.674033,373928.584462,22
665,371203.674033,375599.928940,23
666,371203.674033,375679.436933,24
667,371203.674033,374871.077173,25
668,371203.674033,379251.051784,26
669,371203.674033,375580.270579,27
670,371203.674033,374748.360893,28
671,371203.674033,375956.793133,29
672,371203.674033,379817.297240,30
673,371203.674033,375671.754518,31
674,371203.674033,375557.461044,32
675,371203.674033,379249.295957,33
676,371203.674033,377698.168257,34
677,371203.674033,377403.991168,35
678,371203.674033,381731.278193,36
679,371203.674033,380673.560140,37
680,371203.674033,384145.273936,38
681,371203.674033,386875.103483,39
682,371203.674033,385873.086774,40
683,371203.674033,385300.823645,41
684,371203.674033,385661.171222,42
685,371136.550050,384489.213326,43
686,371136.550050,384787.884705,0
687,371136.550050,382253.251192,1
688,371093.014469,382440.618845,2
689,371093.014469,381012.648142,0
690,371005.170732,377627.309596,1
691,370980.293864,376000.353395,0
692,370961.635151,376066.789849,0
693,370961.635151,375891.232600,0
694,370961.635151,375140.755007,1
695,370925.938650,381108.789441,2
696,370925.938650,384292.217104,0
697,370888.444148,378290.924827,1
698,370888.444148,378507.834501,0
699,370888.444148,374346.206073,1
700,370868.785460,375444.650439,2
701,370868.785460,380341.589598,0
702,370868.785460,376434.657565,1
703,370831.290957,380788.649229,2
704,370831.290957,380843.537649,0
705,370831.290957,379435.053317,1
706,370831.290957,379771.022229,2
707,370831.290957,377519.131234,3
708,370831.290957,376816.244611,4
709,370831.290957,378982.669032,5
710,370831.290957,378486.337967,6
711,370831.290957,376937.626711,7
712,370782.627016,375111.462349,8
713,370782.627016,378235.605453,0
714,370761.608691,379982.662376,1
715,370761.608691,379206.479763,0
716,370675.665878,376790.235011,1
717,370675.665878,376730.311810,0
718,370675.665878,382312.169717,1
719,370675.665878,385922.409764,2
720,370675.665878,384694.407438,3
721,370675.665878,382538.519502,4
722,370564.120378,380935.526009,5
723,370560.797505,383358.408971,0
724,370560.797505,375752.196978,0
725,370528.524519,373793.192364,1
726,370528.524519,375350.946733,0
727,370503.608602,374120.026820,1
728,370471.335615,373722.496982,0
729,370471.335615,375297.859436,0
730,370464.858104,373234.922252,1
731,370464.858104,377720.732495,0
732,370464.858104,375408.776397,1
733,370456.558613,378678.602682,2
734,370456.558613,377012.735734,0
735,370456.558613,375427.847413,1
736,370456.558613,375093.182813,2
737,370456.558613,373021.379523,3
738,370456.558613,374140.764171,4
739,370456.558613,376284.049031,5
740,370456.558613,377546.425620,6
741,370456.558613,378392.608107,7
742,370456.558613,379332.938726,8
743,370456.558613,377784.333101,9
744,370456.558613,375696.803351,10
745,370456.558613,375836.594366,11
746,370456.558613,375005.866198,12
747,370456.558613,372408.855244,13
748,370456.558613,375751.949364,14
749,370409.048929,377237.042001,15
750,370409.048929,377823.251528,0
751,370409.048929,375019.196640,1
752,370409.048929,377801.981230,2
753,370409.048929,375160.979684,3
754,370403.150407,376982.346948,4
755,370403.150407,377701.377168,0
756,370403.150407,374406.176466,1
757,370403.150407,373618.978620,2
758,370401.684683,378286.830822,3
759,370395.786161,373601.868345,0
760,370395.786161,375536.557435,0
761,370395.786161,376718.117412,1
762,370395.786161,376324.853002,2
763,370395.786161,374719.769236,3
764,370395.786161,378193.363457,4
765,370395.786161,375310.651020,5
766,370395.786161,376034.566280,6
767,370395.786161,375954.962419,7
768,370395.786161,374977.338117,8
769,370395.786161,377305.525784,9
770,370395.786161,376419.420523,10
771,370395.786161,377210.180695,11
772,370395.786161,382044.300450,12
773,370395.786161,381068.482863,13
774,370352.514679,382956.602744,14
775,370352.514679,383873.760290,0
776,370349.671346,381199.334906,1
777,370349.671346,382287.028779,0
778,370331.601087,380254.499536,1
779,370331.601087,377851.837170,0
780,370331.601087,376560.677731,1
781,370331.601087,375030.860133,2
782,370331.601087,377987.166073,3
783,370331.601087,379765.311843,4
784,370331.601087,377942.458151,5
785,370331.601087,379686.327893,6
786,370331.601087,383647.912614,7
787,370331.601087,377735.507922,8
788,370331.601087,378016.322884,9
789,370312.665502,376711.604412,10
790,370312.665502,376235.559434,0
791,370299.567913,379272.530560,1
792,370299.567913,381854.053359,0
793,370299.567913,390891.741112,1
794,370286.729404,396719.074275,2
795,370261.572969,387554.003144,0
796,370261.572969,387991.454084,0
797,370261.572969,396040.686870,1
798,370243.067793,393593.196339,2
799,370243.067793,401063.918274,0
800,370243.067793,396857.164553,1
801,370243.067793,396225.069823,2
802,370243.067793,386630.069992,3
803,370217.911358,385627.202923,4
804,370217.911358,388674.177347,0
805,370217.911358,388907.846632,1
806,370217.911358,386849.142744,2
807,370217.911358,391262.643459,3
808,370217.911358,388708.934078,4
809,370217.911358,382595.885818,5
810,370217.911358,380839.970396,6
811,370217.911358,380143.953597,7
812,370217.911358,376308.894968,8
813,370217.911358,375646.019246,9
814,370217.911358,377143.861752,10
815,370191.682189,376610.671852,11
816,370172.182339,377463.192813,0
817,370131.974146,376531.196560,0
818,370120.182251,378278.894026,0
819,370120.182251,377037.652840,0
820,370074.453231,376074.472877,1
821,370065.177382,372641.050556,0
822,370024.969190,374435.866942,0
823,369991.059792,373470.582901,0
824,369976.465777,375591.794849,0
825,369976.465777,374016.160708,0
826,369890.676129,372788.045681,1
827,369890.676129,372297.330401,0
828,369890.528565,374527.774791,1
829,369787.946625,376706.366163,0
830,369787.946625,375309.196705,0
831,369787.946625,377962.433721,1
832,369702.009413,378342.400358,2
833,369702.009413,380770.427096,0
834,369687.562963,389311.681199,1
835,369687.562963,394801.418443,0
836,369687.562963,399528.029776,1
837,369687.562963,404116.011424,2
838,369687.562963,407231.102686,3
839,369687.562963,410909.159730,4
840,369687.562963,408096.953853,5
841,369687.562963,408125.683977,6
842,369687.562963,408999.080373,7
843,369687.562963,408036.343228,8
844,369687.562963,408032.008112,9
845,369687.562963,413806.641056,10
846,369687.562963,409693.120729,11
847,369687.562963,420250.557177,12
848,369687.562963,431755.642787,13
849,369687.562963,419884.136748,14
850,369687.562963,420258.975035,15
851,369687.562963,414303.165451,16
852,369687.562963,407213.691574,17
853,369687.562963,404000.393479,18
854,369687.562963,402656.426624,19
855,369687.562963,395446.077791,20
856,369687.562963,392523.393368,21
857,369687.562963,392262.177233,22
858,369687.562963,390717.830127,23
859,369687.562963,385952.035301,24
860,369687.562963,385536.552691,25
861,369687.562963,383484.402294,26
862,369687.562963,379125.613312,27
863,369687.562963,377701.438651,28
864,369687.562963,375268.141031,29
865,369687.562963,375631.583115,30
866,369687.562963,373734.848448,31
867,369687.562963,374185.019217,32
868,369687.562963,375106.225901,33
869,369687.562963,372837.492013,34
870,369661.906842,372265.068888,35
871,369572.241186,373102.890158,0
872,369505.156013,373576.342120,0
873,369463.835925,375186.252934,0
874,369463.835925,373364.154802,0
875,369353.531813,377878.785742,1
876,369353.531813,378588.490346,0
877,369308.044408,377300.548347,1
878,369222.915852,378147.862584,0
879,369222.915852,382216.427426,0
880,369199.463903,380582.644846,1
881,369136.535888,383204.279832,0
882,369101.622703,383699.821625,0
883,369077.055035,384930.648791,0
884,369069.205013,383203.069983,0
885,369069.205013,388796.709802,0
886,369044.276516,388171.603618,1
887,369044.276516,382914.347861,0
888,369044.276516,385953.318952,1
889,368982.875560,382657.522727,2
890,368982.875560,381059.854896,0
891,368901.351884,375308.551345,1
892,368901.351884,372647.303782,0
893,368901.351884,374470.181265,1
894,368901.351884,373051.528486,2
895,368901.351884,374095.146719,3
896,368901.351884,378757.917130,4
897,368834.032835,377983.547528,5
898,368811.086485,374313.828806,0
899,368811.086485,374075.224184,0
900,368811.086485,374860.813051,1
901,368811.086485,376314.894064,2
902,368732.853296,379137.272425,3
903,368732.853296,378328.997740,0
904,368621.520779,374648.997690,1
905,368621.520779,377252.678703,0
906,368621.520779,376952.538526,1
907,368621.520779,379633.819837,2
908,368596.634617,381139.792761,3
909,368596.634617,384111.265276,0
910,368596.634617,379699.510950,1
911,368596.634617,374181.555840,2
912,368596.634617,373862.045249,3
913,368596.634617,376284.398093,4
914,368595.278572,373904.802199,5
915,368595.278572,377171.865585,0
916,368595.278572,380693.539189,1
917,368595.278572,376909.579805,2
918,368595.278572,379922.741485,3
919,368595.278572,378008.031970,4
920,368595.278572,376748.910812,5
921,368595.278572,373731.209740,6
922,368595.278572,376471.104335,7
923,368583.986473,377988.249133,8
924,368583.986473,380291.241455,0
925,368583.986473,374907.772256,1
926,368582.630428,377589.016858,2
927,368582.630428,383452.569473,0
928,368582.630428,380951.587058,1
929,368582.630428,387319.462471,2
930,368582.630428,382888.179681,3
931,368582.630428,387154.354665,4
932,368582.630428,392417.922879,5
933,368582.630428,400361.254120,6
934,368582.630428,392125.736853,7
935,368582.630428,404364.747685,8
936,368582.630428,394556.137766,9
937,368582.630428,394787.671341,10
938,368582.630428,395521.543492,11
939,368582.630428,395989.196778,12
940,368582.630428,399289.447238,13
941,368582.630428,407100.478742,14
942,368582.630428,395294.135576,15
943,368582.630428,387536.595774,16
944,368582.630428,387823.956024,17
945,368582.630428,388870.804638,18
946,368564.906287,387652.309466,19
947,368564.906287,387569.831616,0
948,368564.906287,390230.108756,1
949,368564.906287,389900.702049,2
950,368556.393434,380270.863120,3
951,368556.393434,383263.752751,0
952,368556.393434,378916.141721,1
953,368556.393434,377128.399522,2
954,368556.393434,379607.615484,3
955,368556.393434,385338.784311,4
956,368556.393434,386533.685189,5
957,368556.393434,389083.862009,6
958,368556.393434,387079.488630,7
959,368556.393434,386371.969901,8
960,368556.393434,382721.505036,9
961,368556.393434,380830.705489,10
962,368556.393434,382779.832241,11
963,368556.393434,378524.875966,12
964,368556.393434,376263.265360,13
965,368526.439013,379666.188122,14
966,368526.439013,380129.957364,0
967,368526.439013,387482.649778,1
968,368526.439013,385673.208441,2
969,368514.032586,379949.403927,3
970,368514.032586,384939.820434,0
971,368514.032586,382503.192810,1
972,368360.896672,377809.583479,2
973,368353.260962,380782.623572,0
974,368259.785300,381126.223227,0
975,368259.785300,377403.975324,0
976,368236.144253,376224.874420,1
977,368227.328143,376587.329945,0
978,368201.091149,378624.859563,0
979,368125.512471,379884.589323,0
980,368125.512471,378398.445224,0
981,368125.512471,376290.505953,1
982,368125.512471,382540.647018,2
983,368117.133178,377138.149061,3
984,368117.133178,375660.193072,0
985,368076.097182,379366.279480,1
986,368076.097182,381472.369958,0
987,368076.097182,381479.092622,1
988,368076.097182,377874.103562,2
989,368064.583658,380232.068359,3
990,368048.930225,380002.882328,0
991,368033.524278,377710.472641,0
992,368014.861174,375418.638214,0
993,368014.861174,377943.910548,0
994,367904.593977,378803.086205,1
995,367871.813015,381370.701513,0
996,367852.698634,379609.212180,0
997,367852.698634,378669.829057,0
998,367852.523543,372680.239755,1
999,367815.804302,374159.355284,0
1000,367815.804302,372694.885569,0
1001,367814.061257,373174.189209,1
1002,367799.856433,373588.682495,0
1003,367792.973302,375594.331583,0
1004,367792.973302,375571.020621,0
1005,367736.728346,373015.855844,1
1006,367736.728346,377149.199439,0
1007,367736.728346,375502.342109,1
1008,367681.923521,373022.914847,2
1009,367676.098705,380763.921384,0
1010,367676.098705,378421.723015,0
1011,367648.380701,377090.073908,1
1012,367648.380701,380951.124905,0
1013,367641.653576,378059.382718,1
1014,367641.653576,375201.322465,0
1015,367641.653576,375519.428147,1
1016,367580.069585,379605.315352,2
1017,367580.069585,375320.623652,0
1018,367580.069585,375158.367781,1
1019,367563.534948,373068.047262,2
1020,367563.534948,370217.594852,0
1021,367550.528281,372681.493796,1
1022,367550.528281,371619.113625,0
1023,367550.528281,371986.275434,1
1024,367550.528281,373365.216803,2
1025,367550.528281,372773.215158,3
1026,367550.528281,374055.113925,4
1027,367550.528281,380645.321793,5
1028,367550.528281,382779.346332,6
1029,367550.528281,380706.523479,7
1030,367550.528281,384222.489645,8
1031,367550.528281,384283.583662,9
1032,367550.528281,381523.385570,10
1033,367550.528281,384691.233776,11
1034,367550.528281,386657.113157,12
1035,367550.528281,382337.897881,13
1036,367550.528281,375436.841424,14
1037,367550.528281,375863.665948,15
1038,367550.528281,373626.959624,16
1039,367550.528281,370592.495355,17
1040,367550.528281,370676.926907,18
1041,367550.528281,371194.679914,19
1042,367550.528281,370860.685956,20
1043,367550.528281,373197.891102,21
1044,367550.528281,371689.017254,22
1045,367550.528281,369855.261928,23
1046,367550.528281,370904.459192,24
1047,367550.528281,371759.350725,25
1048,367550.528281,371137.743717,26
1049,367550.528281,371577.897687,27
1050,367550.528281,377583.026689,28
1051,367550.528281,371330.707633,29
1052,367550.528281,374368.514980,30
1053,367550.528281,376260.391353,31
1054,367550.528281,375381.779227,32
1055,367550.528281,379252.624048,33
1056,367550.528281,384864.653205,34
1057,367550.528281,378619.383505,35
1058,367550.528281,384161.954495,36
1059,367550.528281,382076.660844,37
1060,367444.003744,383397.699928,38
1061,367444.003744,375823.464211,0
1062,367385.833454,378954.960914,1
1063,367385.833454,382760.141308,0
1064,367385.833454,384372.736956,1
1065,367385.833454,386905.939874,2
1066,367385.833454,378436.415804,3
1067,367385.833454,374212.606361,4
1068,367385.833454,376051.169598,5
1069,367385.833454,374261.697429,6
1070,367385.833454,373922.559653,7
1071,367385.833454,375994.106034,8
1072,367372.194729,377989.251560,9
1073,367372.194729,382318.583318,0
1074,367290.546950,379595.584828,1
1075,367290.546950,381214.846779,0
1076,367290.546950,386722.622584,1
1077,367290.546950,388926.460423,2
1078,367290.546950,381381.644369,3
1079,367290.546950,377558.360296,4
1080,367252.220616,377424.232417,5
1081,367183.240927,372693.815764,0
1082,367175.152936,372889.643150,0
1083,367175.152936,371078.430445,0
1084,367152.062693,372756.513642,1
1085,367127.369471,372242.388631,0
1086,367108.814864,370947.730084,0
1087,367108.814864,369253.368495,0
1088,367095.176138,370757.194973,1
1089,367071.380461,373175.603342,0
1090,367059.494155,374313.025336,0
1091,367036.393919,376274.536661,0
1092,367029.397365,373314.372002,0
1093,367006.297129,370042.958678,0
1094,367005.331638,369946.381602,0
1095,366983.191553,370357.852168,0
1096,366982.231402,370892.589662,0
1097,366982.231402,368906.397794,0
1098,366982.231402,373813.159933,1
1099,366982.231402,373007.271429,2
1100,366982.231402,371801.778928,3
1101,366982.231402,372045.830872,4
1102,366968.592676,376049.315892,5
1103,366968.592676,382287.233036,0
1104,366968.592676,382959.145096,1
1105,366968.592676,380585.817071,2
1106,366968.592676,380317.605162,3
1107,366968.592676,377310.361659,4
1108,366968.592676,376960.042426,5
1109,366968.592676,370115.419399,6
1110,366834.694585,371775.409989,7
1111,366834.694585,371077.633017,0
1112,366834.694585,370507.077545,1
1113,366834.694585,375223.671149,2
1114,366822.912411,374978.289804,3
1115,366822.912411,371527.747005,0
1116,366822.912411,371404.771141,1
1117,366822.912411,372355.489424,2
1118,366822.912411,370906.295076,3
1119,366822.912411,369153.105424,4
1120,366822.912411,369406.791093,5
1121,366822.912411,369073.346290,6
1122,366822.912411,369800.417671,7
1123,366822.912411,372634.265432,8
1124,366822.912411,371161.672667,9
1125,366822.912411,372297.328113,10
1126,366822.912411,380655.253003,11
1127,366822.912411,383668.308550,12
1128,366822.912411,379917.629684,13
1129,366822.912411,376971.947073,14
1130,366822.912411,381869.083271,15
1131,366822.912411,387571.536329,16
1132,366822.912411,385636.723786,17
1133,366822.912411,383290.333169,18
1134,366790.277856,382678.656037,19
1135,366790.277856,379379.599755,0
1136,366789.459984,376884.664464,1
1137,366789.459984,372772.338944,0
1138,366789.459984,373125.861089,1
1139,366789.459984,377783.159482,2
1140,366779.570218,382640.063889,3
1141,366779.570218,386795.644364,0
1142,366738.012484,379597.042683,1
1143,366738.012484,382581.643537,0
1144,366738.012484,379125.881750,1
1145,366738.012484,375990.797414,2
1146,366725.006434,373071.431633,3
1147,366725.006434,372608.298519,0
1148,366699.917411,370405.189953,1
1149,366678.983011,370922.408870,0
1150,366678.983011,372369.540986,0
1151,366650.553977,371111.786797,1
1152,366639.786719,370687.861007,0
1153,366636.446709,369705.847433,0
1154,366611.357685,370092.998316,0
1155,366611.357685,369661.922116,0
1156,366611.357685,369956.417131,1
1157,366611.357685,369239.241925,2
1158,366606.817957,372461.643907,3
1159,366606.817957,375802.749218,0
1160,366606.817957,373962.252354,1
1161,366606.817957,373574.551893,2
1162,366606.817957,378737.059784,3
1163,366606.817957,377891.117814,4
1164,366606.817957,382297.606018,5
1165,366606.817957,374649.768458,6
1166,366430.716364,374876.324349,7
1167,366426.176636,375972.256848,0
1168,366426.176636,375863.549505,0
1169,366426.176636,378211.798969,1
1170,366426.176636,376089.157869,2
1171,366426.176636,376650.800460,3
1172,366426.176636,371049.192147,4
1173,366426.176636,374206.724604,5
1174,366426.176636,377218.100170,6
1175,366426.176636,376638.158195,7
1176,366426.176636,376104.717386,8
1177,366426.176636,373634.270003,9
1178,366389.347721,374185.491422,10
1179,366389.347721,374164.056522,0
1180,366389.347721,374078.635499,1
1181,366389.347721,371653.665552,2
1182,366389.347721,372144.871035,3
1183,366389.347721,372864.608945,4
1184,366389.347721,369883.378333,5
1185,366389.347721,371851.475534,6
1186,366389.347721,370998.361937,7
1187,366376.637751,374815.096492,8
1188,366376.637751,378030.859093,0
1189,366376.637751,376152.894218,1
1190,366330.623356,374103.165886,2
1191,366325.062055,373840.172038,0
1192,366325.062055,371979.634830,0
1193,366325.062055,374980.478323,1
1194,366291.908553,380377.654126,2
1195,366258.718161,376827.257808,0
1196,366258.718161,374239.935192,0
1197,366204.685411,373280.302608,1
1198,366204.685411,371735.439027,0
1199,366204.685411,374448.588450,1
1200,366204.685411,376510.876398,2
1201,366204.685411,374097.813436,3
1202,366204.685411,378898.293806,4
1203,366204.685411,384099.874273,5
1204,366204.685411,376783.473988,6
1205,366169.153335,374100.786729,7
1206,366169.153335,374004.083388,0
1207,366169.153335,374005.290607,1
1208,366120.708506,374138.565626,2
1209,366120.708506,372843.033989,0
1210,366120.708506,376040.847234,1
1211,366084.736145,379094.594108,2
1212,366084.736145,378612.925379,0
1213,366084.736145,376631.579025,1
1214,366084.736145,376890.043305,2
1215,366084.736145,379746.294973,3
1216,366084.736145,377827.831524,4
1217,366084.736145,378400.110259,5
1218,366057.378595,375412.564339,6
1219,366057.378595,374451.299036,0
1220,366042.275543,374378.584343,1
1221,366028.992499,372828.969737,0
1222,366006.201894,373353.137387,0
1223,366006.201894,374797.588357,0
1224,366006.201894,372874.978331,1
1225,365986.531897,376393.032952,2
1226,365963.741292,388750.811814,0
1227,365963.741292,381500.845175,0
1228,365963.741292,382376.779634,1
1229,365963.741292,378822.882717,2
1230,365963.301007,374489.917367,3
1231,365963.301007,378916.060621,0
1232,365963.301007,375607.895912,1
1233,365963.301007,379336.796835,2
1234,365963.301007,382995.146009,3
1235,365942.901765,380721.386334,4
1236,365942.901765,381611.260586,0
1237,365942.901765,380911.313260,1
1238,365942.901765,386361.182852,2
1239,365942.461480,378385.715534,3
1240,365942.461480,382218.941790,0
1241,365942.461480,381435.477574,1
1242,365922.389479,383323.835924,2
1243,365922.389479,382624.284636,0
1244,365922.389479,388319.973884,1
1245,365922.389479,388275.331091,2
1246,365922.389479,383376.827246,3
1247,365922.389479,381298.009791,4
1248,365922.389479,380683.124773,5
1249,365901.290212,379827.676225,6
1250,365901.290212,378876.743397,0
1251,365901.290212,372934.638827,1
1252,365901.290212,374428.850029,2
1253,365901.290212,372380.859371,3
1254,365880.093145,373715.283950,4
1255,365880.093145,375330.612843,0
1256,365880.093145,378538.821735,1
1257,365880.093145,376464.524293,2
1258,365878.860404,374557.859249,3
1259,365878.860404,376413.720937,0
1260,365878.860404,373858.443377,1
1261,365877.631284,372341.803643,2
1262,365821.401947,370308.408240,0
1263,365821.401947,372771.645001,0
1264,365809.993585,376863.574855,1
1265,365809.993585,380370.780463,0
1266,365809.993585,372478.874959,1
1267,365809.993585,373149.173399,2
1268,365809.993585,371043.195535,3
1269,365809.993585,372249.406754,4
1270,365809.993585,371342.844949,5
1271,365809.993585,374652.705087,6
1272,365809.993585,373000.233941,7
1273,365809.993585,370437.775491,8
1274,365809.993585,371517.695520,9
1275,365809.993585,370395.146047,10
1276,365809.993585,371209.077552,11
1277,365809.993585,370730.996584,12
1278,365809.993585,369168.161070,13
1279,365809.993585,369131.365632,14
1280,365809.993585,373912.463284,15
1281,365809.993585,373219.993741,16
1282,365809.993585,367664.984442,17
1283,365809.993585,369444.886894,18
1284,365809.993585,369719.609121,19
1285,365809.993585,370958.009073,20
1286,365809.993585,370608.555586,21
1287,365809.993585,372534.197290,22
1288,365809.993585,379683.097757,23
1289,365809.993585,377038.438740,24
1290,365809.993585,378573.787051,25
1291,365649.357799,373936.515237,26
1292,365649.357799,373895.644572,0
1293,365649.357799,372636.193487,1
1294,365649.357799,371592.124039,2
1295,365642.212385,369538.933783,3
1296,365642.212385,368191.652771,0
1297,365642.212385,371239.275128,1
1298,365642.212385,368720.205921,2
1299,365642.212385,368238.445185,3
1300,365642.212385,371752.598196,4
1301,365642.212385,371362.318877,5
1302,365642.212385,370111.730954,6
1303,365642.212385,367094.470520,7
1304,365642.212385,369449.165080,8
1305,365642.212385,369163.892264,9
1306,365642.212385,370534.763431,10
1307,365642.212385,374519.092846,11
1308,365642.212385,370438.457623,12
1309,365642.212385,374948.631518,13
1310,365642.212385,377369.478604,14
1311,365642.212385,375518.540351,15
1312,365642.212385,378608.652875,16
1313,365639.413495,370422.382443,17
1314,365639.413495,368490.528263,0
1315,365639.413495,370979.624323,1
1316,365639.413495,375395.437916,2
1317,365639.413495,372509.074774,3
1318,365639.413495,369057.743915,4
1319,365639.413495,373960.714967,5
1320,365639.413495,369202.390820,6
1321,365639.413495,371176.186369,7
1322,365639.413495,371904.302025,8
1323,365639.413495,372647.696142,9
1324,365639.413495,375371.626858,10
1325,365639.413495,384386.391667,11
1326,365639.413495,387557.056358,12
1327,365639.413495,381910.727412,13
1328,365639.413495,378550.591589,14
1329,365639.413495,378830.890378,15
1330,365639.413495,379501.080751,16
1331,365637.853311,378521.639493,17
1332,365637.853311,373884.408033,0
1333,365637.853311,372348.748724,1
1334,365637.853311,373750.828886,2
1335,365567.173161,374254.076021,3
1336,365519.509371,370604.502191,0
1337,365519.509371,373328.597686,0
1338,365502.175060,372737.296964,1
1339,365463.011017,369001.986757,0
1340,365463.011017,372631.725457,0
1341,365460.939522,375010.430524,1
1342,365434.477708,376012.853714,0
1343,365434.477708,381668.763693,0
1344,365434.477708,378495.342715,1
1345,365434.477708,382163.826344,2
1346,365434.477708,387538.059611,3
1347,365419.702465,383234.042380,4
1348,365419.702465,391702.882632,0
1349,365419.702465,378274.772426,1
1350,365419.702465,377656.863458,2
1351,365419.702465,382886.088692,3
1352,365419.702465,377696.909609,4
1353,365419.702465,379038.854047,5
1354,365419.702465,380648.778725,6
1355,365419.702465,374844.241631,7
1356,365419.702465,373949.346504,8
1357,365408.417024,370866.200879,9
1358,365408.417024,369365.203271,0
1359,365393.965203,369178.439974,1
1360,365370.371385,368886.364761,0
1361,365326.053489,375188.860101,0
1362,365326.053489,371395.393584,0
1363,365326.053489,370239.547899,1
1364,365326.053489,373013.954092,2
1365,365326.053489,375641.411350,3
1366,365326.053489,372152.096656,4
1367,365326.053489,373506.629934,5
1368,365326.053489,374250.042274,6
1369,365326.053489,382183.055352,7
1370,365326.053489,379304.788361,8
1371,365326.053489,373769.116379,9
1372,365326.053489,370385.851058,10
1373,365326.053489,372167.848600,11
1374,365319.404499,374823.455374,12
1375,365319.404499,373232.451328,0
1376,365319.404499,376230.114438,1
1377,365319.404499,379030.261201,2
1378,365319.404499,382953.807819,3
1379,365319.404499,381302.013863,4
1380,365319.404499,376679.943728,5
1381,365319.404499,375029.805376,6
1382,365319.404499,372945.246001,7
1383,365319.404499,378732.958408,8
1384,365319.404499,383469.508278,9
1385,365319.404499,382660.734770,10
1386,365315.279899,385058.082387,11
1387,365302.351083,380939.259795,0
1388,365298.099223,376463.218588,0
1389,365298.099223,377235.320615,0
1390,365274.334592,377736.958557,1
1391,365225.858870,376495.510535,0
1392,365225.858870,378729.401431,0
1393,365202.022719,372329.374768,1
1394,365202.022719,370639.976302,0
1395,365191.303621,370489.027089,1
1396,365168.889020,371585.493708,0
1397,365168.889020,373996.475517,0
1398,365152.857765,377126.174701,1
1399,365152.857765,375544.068657,0
1400,365152.857765,383549.277949,1
1401,365152.857765,383098.864411,2
1402,365138.311883,378888.713209,3
1403,365077.286177,375234.033754,0
1404,365077.286177,372076.516646,0
1405,365077.286177,372688.130369,1
1406,365018.196624,376178.629860,2
1407,365018.196624,378266.139820,0
1408,365018.196624,372654.198495,1
1409,365018.196624,378189.328978,2
1410,365005.267808,379539.389593,3
1411,365005.267808,384850.952793,0
1412,365005.267808,391982.217018,1
1413,365004.279057,386926.957868,2
1414,365004.279057,382436.934250,0
1415,364995.790775,378540.265820,1
1416,364985.101688,375694.120951,0
1417,364985.101688,374869.385071,0
1418,364985.101688,372986.565940,1
1419,364985.101688,373985.661428,2
1420,364949.187278,372851.201622,3
1421,364949.187278,372683.148091,0
1422,364936.701221,375142.154934,1
1423,364933.674850,374331.045895,0
1424,364883.631234,374898.191325,0
1425,364883.631234,374267.246807,0
1426,364883.631234,372571.018803,1
1427,364876.882686,378691.445194,2
1428,364846.657500,383863.180644,0
1429,364845.337671,376342.486174,0
1430,364823.082580,372595.409310,0
1431,364823.082580,370956.718946,0
1432,364823.082580,368719.432472,1
1433,364814.255395,369069.294337,2
1434,364797.966276,372310.441423,0
1435,364770.858526,369912.999970,0
1436,364727.972927,372352.347797,0
1437,364727.972927,370134.846563,0
1438,364691.395404,372730.902821,1
1439,364691.395404,371920.215694,0
1440,364691.370304,371310.431535,1
1441,364675.121304,369415.247461,0
1442,364675.121304,371016.902993,0
1443,364675.121304,370192.562870,1
1444,364662.542573,368467.406556,2
1445,364662.542573,372385.420197,0
1446,364662.542573,369925.395069,1
1447,364662.542573,373635.460434,2
1448,364662.542573,369955.567858,3
1449,364662.517474,368140.493127,4
1450,364662.517474,368782.861907,0
1451,364662.517474,370079.468370,1
1452,364662.517474,372194.925113,2
1453,364662.517474,372322.535868,3
1454,364662.517474,371255.120643,4
1455,364662.517474,370622.560863,5
1456,364662.517474,373229.662283,6
1457,364662.517474,371599.605027,7
1458,364662.517474,370400.695007,8
1459,364662.517474,371704.010428,9
1460,364662.517474,368668.673835,10
1461,364662.517474,366090.323014,11
1462,364662.517474,367641.244133,12
1463,364662.517474,368240.030428,13
1464,364662.517474,367361.251237,14
1465,364662.517474,367009.815200,15
1466,364662.517474,368024.944569,16
1467,364662.517474,367821.692135,17
1468,364662.517474,367094.962742,18
1469,364662.517474,368521.276327,19
1470,364662.517474,367784.664013,20
1471,364662.517474,374550.464786,21
1472,364662.517474,369569.061439,22
1473,364662.517474,369250.450400,23
1474,364662.517474,370390.759477,24
1475,364662.517474,368460.943804,25
1476,364662.517474,370341.750009,26
1477,364662.517474,371744.680651,27
1478,364662.517474,375898.401740,28
1479,364662.517474,372252.884551,29
1480,364662.517474,372186.937615,30
1481,364662.517474,371932.001992,31
1482,364630.402395,375565.394019,32
1483,364630.402395,376573.839882,0
1484,364608.035671,380277.150603,1
1485,364608.035671,377037.445366,0
1486,364608.035671,373407.915961,1
1487,364608.035671,371443.686252,2
1488,364608.035671,374536.669115,3
1489,364575.920592,373854.609683,4
1490,364575.920592,370910.856471,0
1491,364575.920592,371417.096164,1
1492,364575.920592,373986.173604,2
1493,364575.920592,369459.582509,3
1494,364575.920592,371600.154941,4
1495,364575.920592,370914.394145,5
1496,364567.693370,372682.130186,6
1497,364567.693370,373243.882923,0
1498,364567.693370,378930.094556,1
1499,364535.578291,380745.330954,2
1500,364535.578291,382205.060041,0
1501,364535.578291,379316.353585,1
1502,364535.578291,376912.250736,2
1503,364535.578291,376800.717046,3
1504,364535.578291,375301.092859,4
1505,364535.578291,381967.986393,5
1506,364535.578291,382921.439763,6
1507,364535.578291,379062.951370,7
1508,364535.578291,380974.584303,8
1509,364535.578291,380802.397836,9
1510,364535.578291,376743.684934,10
1511,364535.578291,372894.289707,11
1512,364535.578291,375367.523240,12
1513,364535.578291,377616.836255,13
1514,364535.578291,380439.587839,14
1515,364535.578291,383450.798343,15
1516,364535.578291,384065.547543,16
1517,364535.578291,391229.379562,17
1518,364535.578291,395066.746632,18
1519,364535.578291,392839.714236,19
1520,364535.578291,388718.027803,20
1521,364535.578291,395386.673979,21
1522,364535.578291,397107.327647,22
1523,364535.578291,393371.338928,23
1524,364535.578291,393831.760012,24
1525,364535.578291,397018.014364,25
1526,364535.578291,399477.456085,26
1527,364535.578291,387708.523949,27
1528,364535.578291,379959.800327,28
1529,364535.578291,377128.479393,29
1530,364535.578291,378450.305844,30
1531,364535.578291,379653.322794,31
1532,364535.578291,381488.617646,32
1533,364535.578291,375717.906082,33
1534,364535.578291,373124.921898,34
1535,364535.578291,373682.896938,35
1536,364535.578291,372782.397012,36
1537,364535.578291,374317.830535,37
1538,364535.578291,376087.585004,38
1539,364535.578291,377359.694598,39
1540,364535.578291,374655.593296,40
1541,364535.578291,379695.113114,41
1542,364535.578291,371612.874401,42
1543,364492.385695,370501.949659,43
1544,364492.385695,373996.786576,0
1545,364469.061631,371071.614099,1
1546,364469.061631,372659.406253,0
1547,364469.061631,372065.278947,1
1548,364437.118524,372970.768860,2
1549,364437.118524,371283.132553,0
1550,364425.848682,368318.149584,1
1551,364388.105755,369290.058151,0
1552,364388.105755,368874.577420,0
1553,364388.105755,375213.455299,1
1554,364388.105755,380381.986746,2
1555,364367.452284,372421.471053,3
1556,364349.067698,368293.935123,0
1557,364349.067698,372247.510982,0
1558,364349.067698,372599.503401,1
1559,364305.854749,371140.904267,2
1560,364305.854749,377318.475947,0
1561,364300.459777,379049.270276,1
1562,364264.905130,376135.972671,0
1563,364264.905130,376914.973349,0
1564,364264.905130,379565.359884,1
1565,364259.510157,373723.916605,2
1566,364259.510157,375828.655801,0
1567,364253.903017,372623.142765,1
1568,364251.362972,370430.654747,0
1569,364225.948566,370096.738958,0
1570,364225.948566,367511.078383,0
1571,364225.948566,369884.604163,1
1572,364225.948566,368517.901065,2
1573,364225.948566,370298.778664,3
1574,364225.948566,371590.935829,4
1575,364225.948566,373731.484517,5
1576,364225.948566,371170.925936,6
1577,364225.948566,371561.432887,7
1578,364225.948566,373035.009282,8
1579,364225.948566,380055.962258,9
1580,364225.948566,380531.080392,10
1581,364225.948566,373632.385224,11
1582,364225.948566,371194.575891,12
1583,364225.948566,375408.280754,13
1584,364225.948566,376492.929567,14
1585,364225.948566,371071.345773,15
1586,364225.948566,375778.361004,16
1587,364225.948566,376779.036431,17
1588,364225.948566,371139.277448,18
1589,364225.948566,371996.703040,19
1590,364225.948566,370367.847305,20
1591,364225.948566,370343.742159,21
1592,364225.948566,369342.025055,22
1593,364225.948566,368225.957061,23
1594,364225.948566,369547.203886,24
1595,364225.948566,372148.835022,25
1596,364225.948566,371547.541698,26
1597,364225.948566,369464.816326,27
1598,364225.948566,367493.852444,28
1599,364225.948566,372142.762363,29
1600,364225.948566,371608.042274,30
1601,364225.948566,372983.571754,31
1602,364219.103290,369145.287450,32
1603,364219.015523,376500.449798,0
1604,364180.091448,375361.689115,0
1605,364180.091448,373664.005910,0
1606,364180.091448,369819.385980,1
1607,364180.091448,369020.638688,2
1608,364180.091448,372418.882554,3
1609,364180.091448,377467.873487,4
1610,364180.091448,374082.871953,5
1611,364177.008399,375032.285698,6
1612,364177.008399,376399.587913,0
1613,364177.008399,370069.074048,1
1614,364174.463841,375864.849144,2
1615,364166.183514,371304.018787,0
1616,364166.183514,368483.449033,0
1617,364163.100465,366690.320631,1
1618,364157.472857,370721.184218,0
1619,364157.472857,367587.344441,0
1620,364157.472857,366584.470067,1
1621,364157.472857,369403.946537,2
1622,364157.472857,372259.663206,3
1623,364157.472857,367415.557547,4
1624,364157.472857,369117.724446,5
1625,364157.472857,370743.950710,6
1626,364157.472857,374317.945718,7
1627,364157.472857,371379.404365,8
1628,364157.472857,373513.241311,9
1629,364157.472857,375344.864423,10
1630,364157.472857,371227.612678,11
1631,364157.472857,372880.030490,12
1632,364157.472857,374878.893226,13
1633,364157.472857,373041.659691,14
1634,364157.472857,370842.125801,15
1635,364157.472857,367245.527782,16
1636,364157.472857,368289.536798,17
1637,364157.472857,366922.768734,18
1638,364157.472857,370062.048562,19
1639,364157.472857,369163.246845,20
1640,364157.472857,368984.411579,21
1641,364157.472857,370887.521263,22
1642,364157.472857,370004.951305,23
1643,364157.472857,371076.419619,24
1644,364157.472857,369281.202840,25
1645,364157.472857,374269.430806,26
1646,364157.472857,372090.276306,27
1647,364157.472857,371375.081986,28
1648,364157.472857,373117.267276,29
1649,364157.472857,370422.363831,30
1650,364157.472857,372622.108901,31
1651,364157.472857,370728.367584,32
1652,364157.472857,367918.191032,33
1653,364157.472857,369293.241230,34
1654,364157.472857,367856.457002,35
1655,364157.472857,366382.604196,36
1656,364157.472857,367543.251821,37
1657,364157.472857,368726.255799,38
1658,364157.472857,370437.213549,39
1659,364157.472857,368025.519197,40
1660,364157.472857,368248.783647,41
1661,364157.472857,367126.166482,42
1662,364157.472857,368949.614010,43
1663,364157.472857,368944.273402,44
1664,364121.396579,373027.794382,45
1665,364121.396579,374433.639984,0
1666,364121.396579,379863.268115,1
1667,364121.396579,378380.710044,2
1668,364121.396579,388382.465991,3
1669,364121.396579,378395.813049,4
1670,364121.396579,383606.945780,5
1671,364121.396579,387634.998442,6
1672,364121.396579,381922.566034,7
1673,364021.970609,374162.742028,8
1674,363926.955620,374269.858624,0
1675,363644.239566,373513.339399,0
1676,363644.239566,374314.253652,0
1677,363484.272134,377734.026227,1
1678,363448.195855,372681.532732,0
1679,363448.195855,378308.157498,0
1680,363448.195855,377000.093061,1
1681,363448.195855,376864.600851,2
1682,363448.195855,376243.041178,3
1683,363448.195855,378966.203283,4
1684,363448.195855,374210.319926,5
1685,363448.195855,379866.343942,6
1686,363448.195855,382979.801573,7
1687,363448.195855,374297.605768,8
1688,363448.195855,374155.352474,9
1689,363448.195855,377565.551849,10
1690,363448.195855,374730.635304,11
1691,363448.195855,373677.883337,12
1692,363448.195855,376216.557919,13
1693,363448.195855,376912.184578,14
1694,363308.650755,372533.259757,15
1695,363308.650755,372403.290300,0
1696,363308.650755,369125.293296,1
1697,363308.650755,369587.976189,2
1698,363308.650755,367483.665760,3
1699,363308.650755,369894.777367,4
1700,363296.213075,377335.015315,5
1701,363248.714699,378080.646175,0
1702,363248.714699,380035.895877,0
1703,363248.714699,384271.290777,1
1704,363248.714699,382126.555613,2
1705,363243.224495,381850.689744,3
1706,363243.224495,387048.834380,0
1707,363243.224495,390554.035371,1
1708,363235.889480,387551.888217,2
1709,363235.889480,385392.637887,0
1710,363235.889480,388001.096990,1
1711,363235.889480,388893.190880,2
1712,363235.889480,384676.124090,3
1713,363235.889480,389780.134649,4
1714,363235.889480,386517.677722,5
1715,363235.889480,384531.065602,6
1716,363235.889480,377639.039350,7
1717,363235.889480,376444.094455,8
1718,363235.889480,375015.088938,9
1719,363235.889480,374932.961794,10
1720,363235.889480,371288.494258,11
1721,363235.889480,369423.438903,12
1722,363235.889480,372218.098120,13
1723,363227.164290,369990.256745,14
1724,363217.412851,369639.224808,0
1725,363217.412851,367478.517469,0
1726,363165.313543,368771.742390,1
1727,363165.313543,368209.289211,0
1728,363165.313543,373143.841799,1
1729,363134.224803,365878.105512,2
1730,363085.414837,365483.025963,0
1731,363085.414837,367857.742855,0
1732,363085.414837,370131.992623,1
1733,363050.483823,368926.448026,2
1734,363050.483823,373947.343909,0
1735,363021.600374,371139.588625,1
1736,363021.600374,370626.659623,0
1737,363021.600374,371547.972386,1
1738,363021.600374,368147.869791,2
1739,363020.223614,369382.338163,3
1740,362973.683184,369568.868551,0
1741,362973.683184,370194.977781,0
1742,362947.424645,368049.170816,1
1743,362901.141087,367945.815961,0
1744,362872.257638,368899.050820,0
1745,362872.257638,366326.096531,0
1746,362818.130329,365800.094776,1
1747,362818.130329,371800.025871,0
1748,362818.130329,373782.462813,1
1749,362818.130329,371990.122679,2
1750,362818.130329,367760.610979,3
1751,362798.276939,371540.438655,4
1752,362798.276939,372782.960009,0
1753,362798.276939,370938.875253,1
1754,362798.276939,369600.020705,2
1755,362798.276939,369305.988118,3
1756,362798.276939,372706.174451,4
1757,362798.276939,369847.233177,5
1758,362798.276939,372813.055380,6
1759,362798.276939,369326.767587,7
1760,362798.276939,376500.827796,8
1761,362798.276939,377764.513279,9
1762,362798.276939,377161.413880,10
1763,362798.276939,380517.625031,11
1764,362798.276939,376130.600849,12
1765,362765.911312,371325.881598,13
1766,362729.014211,374512.592314,0
1767,362642.942803,368444.850720,0
1768,362627.824095,368321.440144,0
1769,362627.824095,368397.443206,0
1770,362627.824095,367244.408957,1
1771,362607.151177,370123.317164,2
1772,362537.876091,370222.964705,0
1773,362537.876091,372775.640771,0
1774,362524.243623,370509.097679,1
1775,362524.243623,369755.539751,0
1776,362524.243623,367961.542749,1
1777,362524.243623,368024.403856,2
1778,362524.243623,373390.370479,3
1779,362524.243623,377022.643919,4
1780,362524.243623,381652.726598,5
1781,362524.243623,374538.636283,6
1782,362524.243623,374943.618867,7
1783,362483.527061,370002.819659,8
1784,362483.527061,370761.698498,0
1785,362483.527061,378079.696662,1
1786,362483.527061,373450.263367,2
1787,362483.527061,369536.583497,3
1788,362483.527061,373223.207323,4
1789,362483.527061,374817.040792,5
1790,362483.527061,374257.380677,6
1791,362483.527061,380055.592469,7
1792,362483.527061,373141.887038,8
1793,362483.527061,374643.165845,9
1794,362483.527061,373408.524404,10
1795,362458.558136,375170.684645,11
1796,362458.558136,376919.390891,0
1797,362458.107488,368650.323748,1
1798,362458.107488,373414.307544,0
1799,362435.516947,370353.471533,1
1800,362435.516947,368167.095933,0
1801,362435.516947,369692.781957,1
1802,362435.516947,371142.946865,2
1803,362433.646195,367548.796951,3
1804,362433.646195,368076.749687,0
1805,362425.583130,367503.019238,1
1806,362425.583130,368608.043028,0
1807,362389.247765,370099.645713,1
1808,362389.247765,367232.529318,0
1809,362379.313948,365949.480006,1
1810,362379.313948,364947.638455,0
1811,362377.443195,366756.282732,1
1812,362377.443195,370710.863304,0
1813,362363.116257,374421.964301,1
1814,362324.338885,369805.763969,0
1815,362278.069703,366584.004078,0
1816,362278.069703,367549.004956,0
1817,362257.357335,373810.123317,1
1818,362257.357335,378057.365762,0
1819,362257.357335,378514.435042,1
1820,362257.357335,381060.589972,2
1821,362257.357335,377452.037529,3
1822,362257.357335,375463.958343,4
1823,362257.357335,378922.013923,5
1824,362257.357335,372921.823389,6
1825,362257.357335,378407.029778,7
1826,362257.357335,383408.477781,8
1827,362257.357335,384561.735982,9
1828,362257.357335,378088.748031,10
1829,362257.357335,375106.976060,11
1830,362257.357335,372894.373050,12
1831,362257.357335,373105.193024,13
1832,362257.357335,371863.628772,14
1833,362257.357335,375062.727759,15
1834,362235.293222,371557.422450,16
1835,362235.293222,373748.740138,0
1836,362235.293222,377039.913059,1
1837,362235.293222,383482.947732,2
1838,362235.293222,385182.000471,3
1839,362235.293222,385431.466940,4
1840,362235.293222,385700.767011,5
1841,362235.293222,384759.196744,6
1842,362235.293222,386878.306691,7
1843,362221.467995,375271.093599,8
1844,362220.886026,370724.702746,0
1845,362198.821912,368290.420476,0
1846,362198.821912,371161.909676,0
1847,362185.261770,367247.297490,1
1848,362171.858498,368572.030414,0
1849,362171.858498,373296.689819,0
1850,362158.298356,371163.853354,1
1851,362135.652274,370082.374430,0
1852,362135.652274,366056.825381,0
1853,362135.652274,367219.376480,1
1854,362135.652274,369170.824468,2
1855,362135.652274,369490.632201,3
1856,362135.652274,367281.482712,4
1857,362128.376220,365389.481949,5
1858,362128.376220,371798.800045,0
1859,362128.376220,369293.482725,1
1860,362128.376220,368911.996031,2
1861,362128.376220,366557.249181,3
1862,362081.274016,367080.028681,4
1863,362081.274016,368433.255696,0
1864,362081.274016,367044.027106,1
1865,362081.274016,367802.153905,2
1866,361996.099368,372597.520499,3
1867,361958.785712,375186.307559,0
1868,361939.630678,372471.704283,0
1869,361925.499616,375648.319731,0
1870,361896.600792,369137.835335,0
1871,361896.600792,369679.922195,0
1872,361790.275727,371272.544046,1
1873,361790.275727,369955.808881,0
1874,361790.275727,369986.044089,1
1875,361786.946750,366091.629814,2
1876,361786.946750,368147.533595,0
1877,361786.946750,370189.074161,1
1878,361786.946750,372757.629313,2
1879,361786.946750,369301.591725,3
1880,361786.946750,373903.657110,4
1881,361786.946750,377434.674124,5
1882,361786.946750,375022.204909,6
1883,361786.946750,370500.440983,7
1884,361779.812417,373155.382928,8
1885,361746.033558,368914.868727,0
1886,361746.033558,373278.441451,0
1887,361746.033558,379765.089951,1
1888,361738.920272,378849.258710,2
1889,361738.920272,384392.135583,0
1890,361734.426313,374999.438108,1
1891,361734.426313,372983.613359,0
1892,361734.426313,372926.165643,1
1893,361734.426313,367942.091796,2
1894,361734.426313,368664.665720,3
1895,361734.426313,367971.491371,4
1896,361683.756251,370392.885865,5
1897,361683.756251,366792.543757,0
1898,361683.756251,365885.613938,1
1899,361676.866065,364404.045207,2
1900,361676.866065,365493.781121,0
1901,361671.597645,366244.049046,1
1902,361649.464721,363354.931446,0
1903,361632.589056,363756.811887,0
1904,361626.196003,365566.296527,0
1905,361614.588758,370497.875632,0
1906,361614.588758,367992.298486,0
1907,361614.588758,370466.703526,1
1908,361614.588758,369406.756384,2
1909,361614.588758,370934.011854,3
1910,361593.286338,366315.540102,4
1911,361581.679093,370076.862724,0
1912,361581.679093,368213.175713,0
1913,361581.679093,371660.282620,1
1914,361581.679093,371709.173952,2
1915,361581.679093,373337.969346,3
1916,361581.679093,370707.495738,4
1917,361581.679093,372004.736509,5
1918,361581.679093,371956.461749,6
1919,361581.679093,372290.894559,7
1920,361581.679093,368795.100922,8
1921,361581.679093,369552.589765,9
1922,361581.679093,371348.315517,10
1923,361581.679093,377417.773872,11
1924,361581.679093,374119.396332,12
1925,361521.157951,370584.104265,13
1926,361521.157951,373873.640727,0
1927,361521.157951,371744.010165,1
1928,361521.157951,369650.291485,2
1929,361521.157951,375621.550264,3
1930,361521.157951,375931.354876,4
1931,361521.157951,377953.044229,5
1932,361521.157951,377342.458789,6
1933,361521.157951,372860.453130,7
1934,361521.157951,367904.316409,8
1935,361512.463040,368550.749894,9
1936,361512.463040,373288.529735,0
1937,361512.463040,368981.688142,1
1938,361512.463040,369975.543489,2
1939,361512.463040,371820.229342,3
1940,361416.861142,373260.043844,4
1941,361416.861142,367159.896736,0
1942,361416.861142,366587.998062,1
1943,361416.861142,364929.739555,2
1944,361412.068591,369243.476668,3
1945,361365.910963,365899.290948,0
1946,361355.305932,367866.938391,0
1947,361355.305932,369017.373191,0
1948,361355.305932,369657.263064,1
1949,361355.305932,371202.368700,2
1950,361355.305932,367619.793769,3
1951,361355.305932,366866.933439,4
1952,361355.305932,368654.905552,5
1953,361355.305932,365211.330693,6
1954,361355.305932,364240.419087,7
1955,361355.305932,364468.905124,8
1956,361355.305932,367553.387943,9
1957,361355.305932,368263.143762,10
1958,361355.305932,368248.997647,11
1959,361355.305932,365278.037402,12
1960,361355.305932,369266.952670,13
1961,361355.305932,366238.687635,14
1962,361355.305932,365540.336758,15
1963,361355.305932,367640.789067,16
1964,361355.305932,366531.847570,17
1965,361355.305932,366054.530788,18
1966,361334.051775,367046.729839,19
1967,361334.051775,373071.085915,0
1968,361334.051775,372044.397179,1
1969,361334.051775,368845.055550,2
1970,361334.051775,368891.766008,3
1971,361334.051775,364216.678027,4
1972,361334.051775,364999.339411,5
1973,361334.051775,366019.762505,6
1974,361334.051775,364610.949573,7
1975,361297.242332,367700.499405,8
1976,361269.476303,369348.764481,0
1977,361269.476303,376164.290800,0
1978,361269.476303,376375.178265,1
1979,361253.715596,373169.532096,2
1980,361253.715596,371968.549693,0
1981,361253.715596,376379.851717,1
1982,361253.715596,373379.675210,2
1983,361253.715596,374146.334511,3
1984,361253.715596,375436.993649,4
1985,361253.715596,383391.298784,5
1986,361246.348077,388120.980802,6
1987,361246.348077,388275.516281,0
1988,361246.348077,377844.881652,1
1989,361246.348077,376803.374779,2
1990,361246.348077,375593.169434,3
1991,361246.348077,372503.010707,4
1992,361246.348077,367942.689431,5
1993,361246.348077,373707.474386,6
1994,361246.348077,373039.814454,7
1995,361163.463079,372255.485542,8
1996,361163.463079,378746.533125,0
1997,361163.463079,378869.338733,1
1998,361163.463079,378005.846129,2
1999,361163.463079,375791.254846,3
2000,361161.072462,384870.647349,4
Total Distance: 361161.072462

Tempo decorrido: 14.466399s
